{
  "ruleChain": {
    "additionalInfo": null,
    "name": "Root Rule Chain",
    "firstRuleNodeId": null,
    "root": false,
    "debugMode": false,
    "configuration": null
  },
  "metadata": {
    "firstNodeIndex": 2,
    "nodes": [
      {
        "additionalInfo": {
          "layoutX": 824,
          "layoutY": 156
        },
        "type": "org.NanoIoT.rule.engine.telemetry.TbMsgTimeseriesNode",
        "name": "Save Timeseries",
        "debugMode": false,
        "configuration": {
          "defaultTTL": 0
        }
      },
      {
        "additionalInfo": {
          "layoutX": 825,
          "layoutY": 52
        },
        "type": "org.NanoIoT.rule.engine.telemetry.TbMsgAttributesNode",
        "name": "Save Client Attributes",
        "debugMode": false,
        "configuration": {
          "scope": "CLIENT_SCOPE"
        }
      },
      {
        "additionalInfo": {
          "layoutX": 347,
          "layoutY": 149
        },
        "type": "org.NanoIoT.rule.engine.filter.TbMsgTypeSwitchNode",
        "name": "Message Type Switch",
        "debugMode": false,
        "configuration": {
          "version": 0
        }
      },
      {
        "additionalInfo": {
          "layoutX": 825,
          "layoutY": 266
        },
        "type": "org.NanoIoT.rule.engine.action.TbLogNode",
        "name": "Log RPC from Device",
        "debugMode": false,
        "configuration": {
          "jsScript": "return '\\nIncoming message:\\n' + JSON.stringify(msg) + '\\nIncoming metadata:\\n' + JSON.stringify(metadata);"
        }
      },
      {
        "additionalInfo": {
          "layoutX": 825,
          "layoutY": 379
        },
        "type": "org.NanoIoT.rule.engine.action.TbLogNode",
        "name": "Log Other",
        "debugMode": false,
        "configuration": {
          "jsScript": "return '\\nIncoming message:\\n' + JSON.stringify(msg) + '\\nIncoming metadata:\\n' + JSON.stringify(metadata);"
        }
      },
      {
        "additionalInfo": {
          "layoutX": 825,
          "layoutY": 468
        },
        "type": "org.NanoIoT.rule.engine.rpc.TbSendRPCRequestNode",
        "name": "RPC Call Request",
        "debugMode": false,
        "configuration": {
          "timeoutInSeconds": 60
        }
      },
      {
        "additionalInfo": {
          "layoutX": 1111,
          "layoutY": 158
        },
        "type": "org.NanoIoT.rule.engine.filter.TbJsFilterNode",
        "name": "Smoke Alarm Filter",
        "debugMode": true,
        "configuration": {
          "jsScript": "return msg.smoke== 'true';"
        }
      },
      {
        "additionalInfo": {
          "layoutX": 1421,
          "layoutY": 164
        },
        "type": "org.NanoIoT.rule.engine.action.TbCreateAlarmNode",
        "name": "Create Smoke Alarm",
        "debugMode": false,
        "configuration": {
          "alarmType": "Smoke Alarm",
          "alarmDetailsBuildJs": "var details = {};\nif (metadata.prevAlarmDetails) {\n    details = JSON.parse(metadata.prevAlarmDetails);\n}\nreturn details;",
          "severity": "CRITICAL",
          "propagate": true
        }
      },
      {
        "additionalInfo": {
          "layoutX": 1419,
          "layoutY": 68
        },
        "type": "org.NanoIoT.rule.engine.action.TbClearAlarmNode",
        "name": "Clear Smoke Alarm",
        "debugMode": false,
        "configuration": {
          "alarmType": "Smoke Alarm",
          "alarmDetailsBuildJs": "var details = {};\nif (metadata.prevAlarmDetails) {\n    details = JSON.parse(metadata.prevAlarmDetails);\n}\nreturn details;"
        }
      }
    ],
    "connections": [
      {
        "fromIndex": 0,
        "toIndex": 6,
        "type": "Success"
      },
      {
        "fromIndex": 2,
        "toIndex": 4,
        "type": "Other"
      },
      {
        "fromIndex": 2,
        "toIndex": 1,
        "type": "Post attributes"
      },
      {
        "fromIndex": 2,
        "toIndex": 0,
        "type": "Post telemetry"
      },
      {
        "fromIndex": 2,
        "toIndex": 3,
        "type": "RPC Request from Device"
      },
      {
        "fromIndex": 2,
        "toIndex": 5,
        "type": "RPC Request to Device"
      },
      {
        "fromIndex": 6,
        "toIndex": 8,
        "type": "False"
      },
      {
        "fromIndex": 6,
        "toIndex": 7,
        "type": "True"
      }
    ],
    "ruleChainConnections": [
      {
        "fromIndex": 6,
        "targetRuleChainId": {
          "entityType": "RULE_CHAIN",
          "id": "a4e63f00-94e3-11e8-87f7-658dba90fbae"
        },
        "additionalInfo": {
          "layoutX": 1419,
          "layoutY": 260,
          "ruleChainNodeId": "rule-chain-node-11"
        },
        "type": "True"
      }
    ]
  }
}