{
  "ruleChain": {
    "additionalInfo": null,
    "name": "Create/Clear Alarm & Send Email to Customer",
    "firstRuleNodeId": null,
    "root": false,
    "debugMode": false,
    "configuration": null
  },
  "metadata": {
    "firstNodeIndex": 0,
    "nodes": [
      {
        "additionalInfo": {
          "layoutX": 283,
          "layoutY": 149
        },
        "type": "org.NanoIoT.rule.engine.filter.TbJsFilterNode",
        "name": "Under Threshold",
        "debugMode": false,
        "configuration": {
          "jsScript": "return msg.temperature < -40 || msg.temperature > 80;"
        }
      },
      {
        "additionalInfo": {
          "layoutX": 930,
          "layoutY": 217
        },
        "type": "org.NanoIoT.rule.engine.action.TbCreateAlarmNode",
        "name": "Create Alarm",
        "debugMode": false,
        "configuration": {
          "alarmType": "Critical Temperature",
          "alarmDetailsBuildJs": "var details = {};\nif (metadata.prevAlarmDetails) {\n    details = JSON.parse(metadata.prevAlarmDetails);\n}\nreturn details;",
          "severity": "CRITICAL",
          "propagate": true
        }
      },
      {
        "additionalInfo": {
          "layoutX": 579,
          "layoutY": 59
        },
        "type": "org.NanoIoT.rule.engine.action.TbClearAlarmNode",
        "name": "Clear Alarm",
        "debugMode": false,
        "configuration": {
          "alarmType": "Critical Temperature",
          "alarmDetailsBuildJs": "var details = {};\nif (metadata.prevAlarmDetails) {\n    details = JSON.parse(metadata.prevAlarmDetails);\n}\nreturn details;"
        }
      },
      {
        "additionalInfo": {
          "layoutX": 630,
          "layoutY": 218
        },
        "type": "org.NanoIoT.rule.engine.transform.TbTransformMsgNode",
        "name": "Add temperature to metadata",
        "debugMode": false,
        "configuration": {
          "jsScript": "metadata.temperature = msg.temperature;\nreturn {msg: msg, metadata: metadata, msgType: msgType};"
        }
      },
      {
        "additionalInfo": {
          "layoutX": 1229,
          "layoutY": 219
        },
        "type": "org.NanoIoT.rule.engine.mail.TbMsgToEmailNode",
        "name": "Temperature Email",
        "debugMode": false,
        "configuration": {
          "fromTemplate": "info@testmail.org",
          "toTemplate": "${customerEmail}",
          "ccTemplate": null,
          "bccTemplate": null,
          "subjectTemplate": "Device ${deviceType} temperature unacceptable",
          "bodyTemplate": "Device ${deviceName} has unacceptable temperature: ${temperature}. Device address - ${ss_address}"
        }
      },
      {
        "additionalInfo": {
          "layoutX": 1531,
          "layoutY": 220
        },
        "type": "org.NanoIoT.rule.engine.mail.TbSendEmailNode",
        "name": "SendGrid SMTP",
        "debugMode": false,
        "configuration": {
          "useSystemSmtpSettings": true,
          "smtpHost": "smtp.sendgrid.net",
          "smtpPort": 25,
          "username": "apikey",
          "password": "YOUR_API_PASSWORD",
          "smtpProtocol": "smtp",
          "timeout": 10000,
          "enableTls": false
        }
      },
      {
        "additionalInfo": {
          "layoutX": 90,
          "layoutY": 312
        },
        "type": "org.NanoIoT.rule.engine.metadata.TbGetCustomerAttributeNode",
        "name": "Get Customer Email",
        "debugMode": false,
        "configuration": {
          "attrMapping": {
            "email": "customerEmail"
          },
          "telemetry": false
        }
      },
      {
        "additionalInfo": {
          "layoutX": 362,
          "layoutY": 303
        },
        "type": "org.NanoIoT.rule.engine.metadata.TbGetAttributesNode",
        "name": "Get Device Address",
        "debugMode": false,
        "configuration": {
          "clientAttributeNames": [],
          "sharedAttributeNames": [],
          "serverAttributeNames": [
            "address"
          ],
          "latestTsKeyNames": []
        }
      }
    ],
    "connections": [
      {
        "fromIndex": 0,
        "toIndex": 2,
        "type": "False"
      },
      {
        "fromIndex": 0,
        "toIndex": 6,
        "type": "True"
      },
      {
        "fromIndex": 1,
        "toIndex": 4,
        "type": "Created"
      },
      {
        "fromIndex": 3,
        "toIndex": 1,
        "type": "Success"
      },
      {
        "fromIndex": 4,
        "toIndex": 5,
        "type": "Success"
      },
      {
        "fromIndex": 6,
        "toIndex": 7,
        "type": "Success"
      },
      {
        "fromIndex": 7,
        "toIndex": 3,
        "type": "Success"
      }
    ],
    "ruleChainConnections": null
  }
}