{
  "ruleChain": {
    "additionalInfo": null,
    "name": "Root Rule Chain",
    "firstRuleNodeId": null,
    "root": false,
    "debugMode": false,
    "configuration": null
  },
  "metadata": {
    "firstNodeIndex": 2,
    "nodes": [
      {
        "additionalInfo": {
          "layoutX": 782,
          "layoutY": 119
        },
        "type": "org.NanoIoT.rule.engine.telemetry.TbMsgTimeseriesNode",
        "name": "Save Timeseries",
        "debugMode": true,
        "configuration": {
          "defaultTTL": 0
        }
      },
      {
        "additionalInfo": {
          "layoutX": 783,
          "layoutY": 15
        },
        "type": "org.NanoIoT.rule.engine.telemetry.TbMsgAttributesNode",
        "name": "Save Attributes",
        "debugMode": false,
        "configuration": {
          "scope": "CLIENT_SCOPE"
        }
      },
      {
        "additionalInfo": {
          "layoutX": 349,
          "layoutY": 150
        },
        "type": "org.NanoIoT.rule.engine.filter.TbMsgTypeSwitchNode",
        "name": "Message Type Switch",
        "debugMode": false,
        "configuration": {
          "version": 0
        }
      },
      {
        "additionalInfo": {
          "layoutX": 783,
          "layoutY": 229
        },
        "type": "org.NanoIoT.rule.engine.action.TbLogNode",
        "name": "Log RPC from Device",
        "debugMode": false,
        "configuration": {
          "jsScript": "return '\\nIncoming message:\\n' + JSON.stringify(msg) + '\\nIncoming metadata:\\n' + JSON.stringify(metadata);"
        }
      },
      {
        "additionalInfo": {
          "layoutX": 783,
          "layoutY": 342
        },
        "type": "org.NanoIoT.rule.engine.action.TbLogNode",
        "name": "Log Other",
        "debugMode": false,
        "configuration": {
          "jsScript": "return '\\nIncoming message:\\n' + JSON.stringify(msg) + '\\nIncoming metadata:\\n' + JSON.stringify(metadata);"
        }
      },
      {
        "additionalInfo": {
          "layoutX": 783,
          "layoutY": 431
        },
        "type": "org.NanoIoT.rule.engine.rpc.TbSendRPCRequestNode",
        "name": "RPC Call Request",
        "debugMode": false,
        "configuration": {
          "timeoutInSeconds": 60
        }
      }
    ],
    "connections": [
      {
        "fromIndex": 2,
        "toIndex": 4,
        "type": "Other"
      },
      {
        "fromIndex": 2,
        "toIndex": 1,
        "type": "Post attributes"
      },
      {
        "fromIndex": 2,
        "toIndex": 0,
        "type": "Post telemetry"
      },
      {
        "fromIndex": 2,
        "toIndex": 3,
        "type": "RPC Request from Device"
      },
      {
        "fromIndex": 2,
        "toIndex": 5,
        "type": "RPC Request to Device"
      }
    ],
    "ruleChainConnections": [
      {
        "fromIndex": 0,
        "targetRuleChainId": {
          "entityType": "RULE_CHAIN",
          "id": "a80b65b0-c7d9-11e8-b054-fbabc61128a9"
        },
        "additionalInfo": {
          "layoutX": 1101,
          "layoutY": 120,
          "ruleChainNodeId": "rule-chain-node-9"
        },
        "type": "Success"
      }
    ]
  }
}