{
  "ruleChain": {
    "additionalInfo": null,
    "name": "Tutorial of Inactivity Event",
    "firstRuleNodeId": null,
    "root": false,
    "debugMode": false,
    "configuration": null
  },
  "metadata": {
    "firstNodeIndex": 2,
    "nodes": [
      {
        "additionalInfo": {
          "layoutX": 824,
          "layoutY": 156
        },
        "type": "org.NanoIoT.rule.engine.telemetry.TbMsgTimeseriesNode",
        "name": "Save Timeseries",
        "debugMode": false,
        "configuration": {
          "defaultTTL": 0
        }
      },
      {
        "additionalInfo": {
          "layoutX": 825,
          "layoutY": 52
        },
        "type": "org.NanoIoT.rule.engine.telemetry.TbMsgAttributesNode",
        "name": "Save Server Attributes",
        "debugMode": false,
        "configuration": {
          "scope": "SERVER_SCOPE"
        }
      },
      {
        "additionalInfo": {
          "layoutX": 347,
          "layoutY": 149
        },
        "type": "org.NanoIoT.rule.engine.filter.TbMsgTypeSwitchNode",
        "name": "Message Type Switch",
        "debugMode": false,
        "configuration": {
          "version": 0
        }
      },
      {
        "additionalInfo": {
          "layoutX": 825,
          "layoutY": 250
        },
        "type": "org.NanoIoT.rule.engine.action.TbCreateAlarmNode",
        "name": "Create Inactivity Alarm",
        "debugMode": false,
        "configuration": {
          "alarmType": "lnactivity TimeOut",
          "alarmDetailsBuildJs": "var details = {};\nif (metadata.prevAlarmDetails) {\n    details = JSON.parse(metadata.prevAlarmDetails);\n}\nreturn details;",
          "severity": "CRITICAL",
          "propagate": true
        }
      },
      {
        "additionalInfo": {
          "layoutX": 825,
          "layoutY": 334
        },
        "type": "org.NanoIoT.rule.engine.action.TbClearAlarmNode",
        "name": "Clear Inactivity Alarm",
        "debugMode": false,
        "configuration": {
          "alarmType": "lnactivity TimeOut",
          "alarmDetailsBuildJs": "var details = {};\nif (metadata.prevAlarmDetails) {\n    details = JSON.parse(metadata.prevAlarmDetails);\n}\nreturn details;"
        }
      }
    ],
    "connections": [
      {
        "fromIndex": 2,
        "toIndex": 4,
        "type": "Activity Event"
      },
      {
        "fromIndex": 2,
        "toIndex": 3,
        "type": "Inactivity Event"
      },
      {
        "fromIndex": 2,
        "toIndex": 1,
        "type": "Post attributes"
      },
      {
        "fromIndex": 2,
        "toIndex": 0,
        "type": "Post telemetry"
      }
    ],
    "ruleChainConnections": null
  }
}