{
  "title": "Warehouse dashboard",
  "configuration": {
    "widgets": {
      "369b7c0c-351f-209f-432c-a309103bbba5": {
        "isSystemType": true,
        "bundleAlias": "charts",
        "typeAlias": "basic_timeseries",
        "type": "timeseries",
        "title": "New widget",
        "sizeX": 13,
        "sizeY": 6,
        "config": {
          "datasources": [
            {
              "type": "entity",
              "dataKeys": [
                {
                  "name": "deltaTemperature",
                  "type": "timeseries",
                  "label": "Delta Temperature",
                  "color": "#2196f3",
                  "settings": {
                    "showLines": true,
                    "fillLines": false,
                    "showPoints": false,
                    "showSeparateAxis": false,
                    "axisPosition": "left"
                  },
                  "_hash": 0.433021839025705
                }
              ],
              "entityAliasId": "a9f119b6-1a0d-56ef-de70-d312eea1893a"
            }
          ],
          "timewindow": {
            "realtime": {
              "timewindowMs": 60000
            }
          },
          "showTitle": true,
          "backgroundColor": "#fff",
          "color": "rgba(0, 0, 0, 0.87)",
          "padding": "8px",
          "settings": {
            "shadowSize": 4,
            "fontColor": "#545454",
            "fontSize": 10,
            "xaxis": {
              "showLabels": true,
              "color": "#545454"
            },
            "yaxis": {
              "showLabels": true,
              "color": "#545454"
            },
            "grid": {
              "color": "#545454",
              "tickColor": "#DDDDDD",
              "verticalLines": true,
              "horizontalLines": true,
              "outlineWidth": 1
            },
            "stack": false,
            "tooltipIndividual": false
          },
          "title": "Delta temperature plot",
          "dropShadow": true,
          "enableFullscreen": true,
          "titleStyle": {
            "fontSize": "16px",
            "fontWeight": 400
          },
          "mobileHeight": null,
          "enableDataExport": true,
          "widgetStyle": {},
          "units": "°C",
          "decimals": 2,
          "useDashboardTimewindow": true,
          "showLegend": true,
          "actions": {}
        },
        "id": "369b7c0c-351f-209f-432c-a309103bbba5"
      },
      "ed33955e-4d9e-a487-bc90-813f27acf0d0": {
        "isSystemType": true,
        "bundleAlias": "cards",
        "typeAlias": "timeseries_table",
        "type": "timeseries",
        "title": "New widget",
        "sizeX": 11,
        "sizeY": 6,
        "config": {
          "datasources": [
            {
              "type": "entity",
              "dataKeys": [
                {
                  "name": "deltaTemperature",
                  "type": "timeseries",
                  "label": "Delta Temperature",
                  "color": "#2196f3",
                  "settings": {
                    "useCellStyleFunction": false,
                    "useCellContentFunction": false
                  },
                  "_hash": 0.7476941591178712
                }
              ],
              "entityAliasId": "a9f119b6-1a0d-56ef-de70-d312eea1893a"
            }
          ],
          "timewindow": {
            "realtime": {
              "interval": 1000,
              "timewindowMs": 60000
            },
            "aggregation": {
              "type": "NONE",
              "limit": 200
            }
          },
          "showTitle": true,
          "backgroundColor": "rgb(255, 255, 255)",
          "color": "rgba(0, 0, 0, 0.87)",
          "padding": "8px",
          "settings": {
            "showTimestamp": true,
            "displayPagination": true,
            "defaultPageSize": 10
          },
          "title": "Delta temperature table",
          "dropShadow": true,
          "enableFullscreen": true,
          "titleStyle": {
            "fontSize": "16px",
            "fontWeight": 400
          },
          "useDashboardTimewindow": false,
          "showLegend": false,
          "widgetStyle": {},
          "actions": {},
          "enableDataExport": true,
          "units": "°C",
          "decimals": 2
        },
        "id": "ed33955e-4d9e-a487-bc90-813f27acf0d0"
      }
    },
    "states": {
      "default": {
        "name": "Warehouse dashboard",
        "root": true,
        "layouts": {
          "main": {
            "widgets": {
              "369b7c0c-351f-209f-432c-a309103bbba5": {
                "sizeX": 13,
                "sizeY": 6,
                "mobileHeight": null,
                "row": 0,
                "col": 0
              },
              "ed33955e-4d9e-a487-bc90-813f27acf0d0": {
                "sizeX": 11,
                "sizeY": 6,
                "row": 0,
                "col": 13
              }
            },
            "gridSettings": {
              "backgroundColor": "#eeeeee",
              "color": "rgba(0,0,0,0.870588)",
              "columns": 24,
              "margins": [
                10,
                10
              ],
              "backgroundSizeMode": "100%"
            }
          }
        }
      }
    },
    "entityAliases": {
      "a9f119b6-1a0d-56ef-de70-d312eea1893a": {
        "id": "a9f119b6-1a0d-56ef-de70-d312eea1893a",
        "alias": "warehouse asset",
        "filter": {
          "type": "singleEntity",
          "resolveMultiple": false,
          "singleEntity": {
            "entityType": "ASSET",
            "id": "1b64b3f0-cb8a-11e8-9c92-4fb776d1b699"
          }
        }
      }
    },
    "timewindow": {
      "displayValue": "",
      "selectedTab": 0,
      "realtime": {
        "interval": 1000,
        "timewindowMs": 60000
      },
      "history": {
        "historyType": 0,
        "interval": 1000,
        "timewindowMs": 60000,
        "fixedTimewindow": {
          "startTimeMs": 1538667095892,
          "endTimeMs": 1538753495892
        }
      },
      "aggregation": {
        "type": "AVG",
        "limit": 200
      }
    },
    "settings": {
      "stateControllerId": "entity",
      "showTitle": false,
      "showDashboardsSelect": true,
      "showEntitiesSelect": true,
      "showDashboardTimewindow": true,
      "showDashboardExport": true,
      "toolbarAlwaysOpen": true
    }
  },
  "name": "Warehouse dashboard"
}