{
    "platformIntegrations": {
        "link": "/docs/user-guide/integrations/",
        "target": "_self"
    },
    "contactUsOtherIntegration": {
        "link": "/docs/contact-us/",
        "target": "_self"
    },
    "httpCeApi": {
        "link": "/docs/reference/http-api/",
        "target": "_self"
    },
    "mqttCeApi": {
        "link": "/docs/reference/mqtt-api/",
        "target": "_self"
    },
    "coapCeApi": {
        "link": "/docs/reference/coap-api/",
        "target": "_self"
    },
    "mqttGwApi": {
        "link": "/docs/reference/gateway-mqtt-api/",
        "target": "_self"
    },
    "customIntegration": {
        "link": "/docs/contact-us/",
        "target": "_self"
    },
    "existingBackend": {
        "link": "/docs/user-guide/integrations/",
        "target": "_self"
    },
    "mqttIntegration": {
        "link": "/docs/user-guide/integrations/mqtt/",
        "target": "_self"
    },
    "httpIntegration": {
        "link": "/docs/user-guide/integrations/http/",
        "target": "_self"
    },
    "contactUsOtherBackendIntegration": {
        "link": "/docs/contact-us/",
        "target": "_self"
    },
    "httpPlatformIntegrations": {
        "link": "/docs/user-guide/integrations/http/",
        "target": "_self"
    },
    "brokerPlatformIntegrations": {
        "link": "/docs/user-guide/integrations/mqtt/",
        "target": "_self"
    },
    "contactUsOtherCustomBackend": {
        "link": "/docs/contact-us/",
        "target": "_self"
    }
}