{
  "ruleChain": {
    "additionalInfo": null,
    "name": "Downlink Example Rule Chain",
    "firstRuleNodeId": null,
    "root": false,
    "debugMode": false,
    "configuration": null
  },
  "metadata": {
    "firstNodeIndex": 2,
    "nodes": [
      {
        "additionalInfo": {
          "layoutX": 824,
          "layoutY": 156
        },
        "type": "org.NanoIoT.rule.engine.telemetry.TbMsgTimeseriesNode",
        "name": "SaveTS",
        "debugMode": false,
        "configuration": {
          "defaultTTL": 0
        }
      },
      {
        "additionalInfo": {
          "layoutX": 825,
          "layoutY": 52
        },
        "type": "org.NanoIoT.rule.engine.telemetry.TbMsgAttributesNode",
        "name": "save client attributes",
        "debugMode": false,
        "configuration": {
          "scope": "CLIENT_SCOPE"
        }
      },
      {
        "additionalInfo": {
          "layoutX": 347,
          "layoutY": 149
        },
        "type": "org.NanoIoT.rule.engine.filter.TbMsgTypeSwitchNode",
        "name": "Message Type Switch",
        "debugMode": false,
        "configuration": {
          "version": 0
        }
      },
      {
        "additionalInfo": {
          "layoutX": 825,
          "layoutY": 266
        },
        "type": "org.NanoIoT.rule.engine.action.TbLogNode",
        "name": "Log RPC",
        "debugMode": false,
        "configuration": {
          "jsScript": "return '\\nIncoming message:\\n' + JSON.stringify(msg) + '\\nIncoming metadata:\\n' + JSON.stringify(metadata);"
        }
      },
      {
        "additionalInfo": {
          "layoutX": 825,
          "layoutY": 379
        },
        "type": "org.NanoIoT.rule.engine.action.TbLogNode",
        "name": "Log Other",
        "debugMode": false,
        "configuration": {
          "jsScript": "return '\\nIncoming message:\\n' + JSON.stringify(msg) + '\\nIncoming metadata:\\n' + JSON.stringify(metadata);"
        }
      },
      {
        "additionalInfo": {
          "layoutX": 524,
          "layoutY": 526
        },
        "type": "org.NanoIoT.rule.engine.integration.TbIntegrationDownlinkNode",
        "name": "Push to Integration",
        "debugMode": true,
        "configuration": {
          "integrationId": "637d8ad0-68a3-11e8-8b0a-15970e6a694b"
        }
      },
      {
        "additionalInfo": {
          "layoutX": 408,
          "layoutY": 357
        },
        "type": "org.NanoIoT.rule.engine.metadata.TbGetOriginatorFieldsNode",
        "name": "Get Device Name",
        "debugMode": true,
        "configuration": {
          "fieldsMapping": {
            "name": "deviceName",
            "type": "deviceType"
          }
        }
      },
      {
        "additionalInfo": {
          "layoutX": 209,
          "layoutY": 528
        },
        "type": "org.NanoIoT.rule.engine.metadata.TbGetAttributesNode",
        "name": "Get Firmware Version",
        "debugMode": true,
        "configuration": {
          "clientAttributeNames": [],
          "sharedAttributeNames": [],
          "serverAttributeNames": [],
          "latestTsKeyNames": []
        }
      },
      {
        "additionalInfo": {
          "layoutX": 75,
          "layoutY": 358
        },
        "type": "org.NanoIoT.rule.engine.filter.TbJsFilterNode",
        "name": "Check updated attributes",
        "debugMode": true,
        "configuration": {
          "jsScript": "return typeof msg.temperatureUploadFrequency !== undefined;"
        }
      }
    ],
    "connections": [
      {
        "fromIndex": 2,
        "toIndex": 8,
        "type": "Attributes Updated"
      },
      {
        "fromIndex": 2,
        "toIndex": 4,
        "type": "Other"
      },
      {
        "fromIndex": 2,
        "toIndex": 1,
        "type": "Post attributes"
      },
      {
        "fromIndex": 2,
        "toIndex": 0,
        "type": "Post telemetry"
      },
      {
        "fromIndex": 2,
        "toIndex": 3,
        "type": "RPC Request"
      },
      {
        "fromIndex": 6,
        "toIndex": 7,
        "type": "Success"
      },
      {
        "fromIndex": 7,
        "toIndex": 5,
        "type": "Success"
      },
      {
        "fromIndex": 8,
        "toIndex": 6,
        "type": "True"
      }
    ],
    "ruleChainConnections": null
  }
}