{
  "ruleChain": {
    "additionalInfo": null,
    "name": "Root Rule Chain",
    "firstRuleNodeId": null,
    "root": false,
    "debugMode": false,
    "configuration": null
  },
  "metadata": {
    "firstNodeIndex": 5,
    "nodes": [
      {
        "additionalInfo": {
          "layoutX": 954,
          "layoutY": 115
        },
        "type": "org.NanoIoT.rule.engine.telemetry.TbMsgTimeseriesNode",
        "name": "Save Timeseries",
        "debugMode": true,
        "configuration": {
          "defaultTTL": 0
        }
      },
      {
        "additionalInfo": {
          "layoutX": 955,
          "layoutY": 11
        },
        "type": "org.NanoIoT.rule.engine.telemetry.TbMsgAttributesNode",
        "name": "Save Attributes",
        "debugMode": false,
        "configuration": {
          "scope": "CLIENT_SCOPE"
        }
      },
      {
        "additionalInfo": {
          "layoutX": 566,
          "layoutY": 302
        },
        "type": "org.NanoIoT.rule.engine.filter.TbMsgTypeSwitchNode",
        "name": "Message Type Switch",
        "debugMode": true,
        "configuration": {
          "version": 0
        }
      },
      {
        "additionalInfo": {
          "layoutX": 955,
          "layoutY": 225
        },
        "type": "org.NanoIoT.rule.engine.action.TbLogNode",
        "name": "Log RPC from Device",
        "debugMode": false,
        "configuration": {
          "jsScript": "return '\\nIncoming message:\\n' + JSON.stringify(msg) + '\\nIncoming metadata:\\n' + JSON.stringify(metadata);"
        }
      },
      {
        "additionalInfo": {
          "layoutX": 955,
          "layoutY": 338
        },
        "type": "org.NanoIoT.rule.engine.action.TbLogNode",
        "name": "Log Other",
        "debugMode": false,
        "configuration": {
          "jsScript": "return '\\nIncoming message:\\n' + JSON.stringify(msg) + '\\nIncoming metadata:\\n' + JSON.stringify(metadata);"
        }
      },
      {
        "additionalInfo": {
          "layoutX": 255,
          "layoutY": 301
        },
        "type": "org.NanoIoT.rule.engine.filter.TbOriginatorTypeFilterNode",
        "name": "Is Entity Group",
        "debugMode": true,
        "configuration": {
          "originatorTypes": [
            "ENTITY_GROUP"
          ]
        }
      },
      {
        "additionalInfo": {
          "layoutX": 319,
          "layoutY": 109
        },
        "type": "org.NanoIoT.rule.engine.filter.TbMsgTypeFilterNode",
        "name": "Post attributes or RPC request",
        "debugMode": true,
        "configuration": {
          "messageTypes": [
            "POST_ATTRIBUTES_REQUEST",
            "RPC_CALL_FROM_SERVER_TO_DEVICE"
          ]
        }
      },
      {
        "additionalInfo": {
          "layoutX": 627,
          "layoutY": 108
        },
        "type": "org.NanoIoT.rule.engine.transform.TbDuplicateMsgToGroupNode",
        "name": "Duplicate To Group Entities",
        "debugMode": true,
        "configuration": {
          "entityGroupId": null,
          "entityGroupIsMessageOriginator": true
        }
      },
      {
        "additionalInfo": {
          "layoutX": 954,
          "layoutY": 590
        },
        "type": "org.NanoIoT.rule.engine.integration.TbIntegrationDownlinkNode",
        "name": "Push to Integration",
        "debugMode": true,
        "configuration": {
          "integrationId": "cc6ee410-f941-11e8-8ea7-c74c82c31b2e"
        }
      },
      {
        "additionalInfo": {
          "layoutX": 256,
          "layoutY": 390
        },
        "type": "org.NanoIoT.rule.engine.metadata.TbGetAttributesNode",
        "name": "Getting Atributes to Metadata",
        "debugMode": true,
        "configuration": {
          "clientAttributeNames": [],
          "sharedAttributeNames": [],
          "serverAttributeNames": [
            "deviceName"
          ],
          "latestTsKeyNames": []
        }
      },
      {
        "additionalInfo": {
          "layoutX": 568,
          "layoutY": 472
        },
        "type": "org.NanoIoT.rule.engine.transform.TbTransformMsgNode",
        "name": "Name from Metadata to Message",
        "debugMode": true,
        "configuration": {
          "jsScript": "msg.deviceName = metadata.cs_deviceName;\nreturn {msg: msg, metadata: metadata, msgType: msgType};"
        }
      }
    ],
    "connections": [
      {
        "fromIndex": 2,
        "toIndex": 4,
        "type": "Other"
      },
      {
        "fromIndex": 2,
        "toIndex": 1,
        "type": "Post attributes"
      },
      {
        "fromIndex": 2,
        "toIndex": 0,
        "type": "Post telemetry"
      },
      {
        "fromIndex": 2,
        "toIndex": 3,
        "type": "RPC Request from Device"
      },
      {
        "fromIndex": 2,
        "toIndex": 9,
        "type": "RPC Request to Device"
      },
      {
        "fromIndex": 5,
        "toIndex": 2,
        "type": "False"
      },
      {
        "fromIndex": 5,
        "toIndex": 6,
        "type": "True"
      },
      {
        "fromIndex": 6,
        "toIndex": 2,
        "type": "False"
      },
      {
        "fromIndex": 6,
        "toIndex": 7,
        "type": "True"
      },
      {
        "fromIndex": 7,
        "toIndex": 2,
        "type": "Success"
      },
      {
        "fromIndex": 9,
        "toIndex": 10,
        "type": "Success"
      },
      {
        "fromIndex": 10,
        "toIndex": 8,
        "type": "Success"
      }
    ],
    "ruleChainConnections": null
  }
}
