{
  "ruleChain": {
    "additionalInfo": null,
    "name": "Outside Temperature/Humidity",
    "firstRuleNodeId": null,
    "root": false,
    "debugMode": false,
    "configuration": null
  },
  "metadata": {
    "firstNodeIndex": null,
    "nodes": [
      {
        "additionalInfo": {
          "layoutX": 641,
          "layoutY": 212
        },
        "type": "org.NanoIoT.rule.engine.metadata.TbGetAttributesNode",
        "name": "Latitude/Longitude",
        "debugMode": true,
        "configuration": {
          "clientAttributeNames": [],
          "sharedAttributeNames": [],
          "serverAttributeNames": [
            "latitude",
            "longitude",
            "units"
          ],
          "latestTsKeyNames": []
        }
      },
      {
        "additionalInfo": {
          "layoutX": 939,
          "layoutY": 215
        },
        "type": "org.NanoIoT.rule.engine.rest.TbRestApiCallNode",
        "name": "Get Weather Data",
        "debugMode": true,
        "configuration": {
          "restEndpointUrlPattern": "http://api.openweathermap.org/data/2.5/weather?lat=${ss_latitude}&lon=${ss_longitude}&units=${ss_units}&APPID=${APPID}",
          "requestMethod": "GET",
          "headers": {},
          "useSimpleClientHttpFactory": false
        }
      },
      {
        "additionalInfo": {
          "layoutX": 1255,
          "layoutY": 215
        },
        "type": "org.NanoIoT.rule.engine.transform.TbTransformMsgNode",
        "name": "Fetch Data",
        "debugMode": true,
        "configuration": {
          "jsScript": "var newMsg = {\n    \"outsideTemp\": msg.main.temp,\n    \"outsideMaxTemp\": msg.main.temp_max,\n    \"outsideMinTemp\": msg.main.temp_min,\n    \"outsideHumidity\": msg.main.humidity,\n};\n\n\nreturn {msg: newMsg, metadata: metadata, msgType: msgType};"
        }
      },
      {
        "additionalInfo": {
          "layoutX": 1258,
          "layoutY": 331
        },
        "type": "org.NanoIoT.rule.engine.telemetry.TbMsgTimeseriesNode",
        "name": "Save Timeseries",
        "debugMode": true,
        "configuration": {
          "defaultTTL": 0
        }
      },
      {
        "additionalInfo": {
          "layoutX": 48,
          "layoutY": 215
        },
        "type": "org.NanoIoT.rule.engine.debug.TbMsgGeneratorNode",
        "name": "Generate requests",
        "debugMode": false,
        "configuration": {
          "msgCount": 0,
          "periodInSeconds": 15,
          "originatorId": "423b52c0-3f6d-11e9-a10f-53a2db67eb94",
          "originatorType": "ASSET",
          "jsScript": "return { msg: {}, metadata: {}, msgType: \"POST_TELEMETRY_REQUEST\" };"
        }
      },
      {
        "additionalInfo": {
          "layoutX": 342,
          "layoutY": 213
        },
        "type": "org.NanoIoT.rule.engine.metadata.TbGetCustomerAttributeNode",
        "name": "Get customer API key",
        "debugMode": false,
        "configuration": {
          "attrMapping": {
            "APPID": "APPID"
          },
          "telemetry": false
        }
      }
    ],
    "connections": [
      {
        "fromIndex": 0,
        "toIndex": 1,
        "type": "Success"
      },
      {
        "fromIndex": 1,
        "toIndex": 2,
        "type": "Success"
      },
      {
        "fromIndex": 2,
        "toIndex": 3,
        "type": "Success"
      },
      {
        "fromIndex": 4,
        "toIndex": 5,
        "type": "Success"
      },
      {
        "fromIndex": 5,
        "toIndex": 0,
        "type": "Success"
      }
    ],
    "ruleChainConnections": null
  }
}
