{
  "ruleChain": {
    "additionalInfo": null,
    "name": "Tutorial Rule Chain",
    "firstRuleNodeId": null,
    "root": false,
    "debugMode": false,
    "configuration": null
  },
  "metadata": {
    "firstNodeIndex": 1,
    "nodes": [
      {
        "additionalInfo": {
          "layoutX": 1153,
          "layoutY": 151
        },
        "type": "org.NanoIoT.rule.engine.telemetry.TbMsgTimeseriesNode",
        "name": "SaveTS",
        "debugMode": true,
        "configuration": {
          "defaultTTL": 0
        }
      },
      {
        "additionalInfo": {
          "layoutX": 285,
          "layoutY": 150
        },
        "type": "org.NanoIoT.rule.engine.filter.TbMsgTypeSwitchNode",
        "name": "Message Type Switch",
        "debugMode": false,
        "configuration": {
          "version": 0
        }
      },
      {
        "additionalInfo": {
          "layoutX": 582,
          "layoutY": 151
        },
        "type": "org.NanoIoT.rule.engine.metadata.TbGetAttributesNode",
        "name": "Fetch Previous Telemetry",
        "debugMode": true,
        "configuration": {
          "clientAttributeNames": [],
          "sharedAttributeNames": [],
          "serverAttributeNames": [],
          "latestTsKeyNames": [
            "counter"
          ]
        }
      },
      {
        "additionalInfo": {
          "layoutX": 860,
          "layoutY": 150
        },
        "type": "org.NanoIoT.rule.engine.transform.TbTransformMsgNode",
        "name": "Delta Calculation",
        "debugMode": true,
        "configuration": {
          "jsScript": "msg.delta = msg.counter - metadata.counter;\nreturn {msg: msg, metadata: metadata, msgType: msgType};"
        }
      },
      {
        "additionalInfo": {
          "layoutX": 769,
          "layoutY": 288
        },
        "type": "org.NanoIoT.rule.engine.transform.TbTransformMsgNode",
        "name": "Default Previous Counter",
        "debugMode": true,
        "configuration": {
          "jsScript": "metadata.counter = msg.counter;\nreturn {msg: msg, metadata: metadata, msgType: msgType};"
        }
      }
    ],
    "connections": [
      {
        "fromIndex": 1,
        "toIndex": 2,
        "type": "Post telemetry"
      },
      {
        "fromIndex": 2,
        "toIndex": 4,
        "type": "Failure"
      },
      {
        "fromIndex": 2,
        "toIndex": 3,
        "type": "Success"
      },
      {
        "fromIndex": 3,
        "toIndex": 0,
        "type": "Success"
      },
      {
        "fromIndex": 4,
        "toIndex": 3,
        "type": "Success"
      }
    ],
    "ruleChainConnections": null
  }
}