{
  "ruleChain": {
    "additionalInfo": null,
    "name": "Root Rule Chain",
    "firstRuleNodeId": null,
    "root": false,
    "debugMode": false,
    "configuration": null
  },
  "metadata": {
    "firstNodeIndex": 6,
    "nodes": [
      {
        "additionalInfo": {
          "layoutX": 999,
          "layoutY": 271
        },
        "type": "org.NanoIoT.rule.engine.telemetry.TbMsgTimeseriesNode",
        "name": "Save Timeseries",
        "debugMode": false,
        "configuration": {
          "defaultTTL": 0
        }
      },
      {
        "additionalInfo": {
          "layoutX": 1000,
          "layoutY": 167
        },
        "type": "org.NanoIoT.rule.engine.telemetry.TbMsgAttributesNode",
        "name": "Save Attributes",
        "debugMode": false,
        "configuration": {
          "scope": "CLIENT_SCOPE"
        }
      },
      {
        "additionalInfo": {
          "layoutX": 566,
          "layoutY": 302
        },
        "type": "org.NanoIoT.rule.engine.filter.TbMsgTypeSwitchNode",
        "name": "Message Type Switch",
        "debugMode": false,
        "configuration": {
          "version": 0
        }
      },
      {
        "additionalInfo": {
          "layoutX": 1000,
          "layoutY": 381
        },
        "type": "org.NanoIoT.rule.engine.action.TbLogNode",
        "name": "Log RPC from Device",
        "debugMode": false,
        "configuration": {
          "jsScript": "return '\\nIncoming message:\\n' + JSON.stringify(msg) + '\\nIncoming metadata:\\n' + JSON.stringify(metadata);"
        }
      },
      {
        "additionalInfo": {
          "layoutX": 1000,
          "layoutY": 494
        },
        "type": "org.NanoIoT.rule.engine.action.TbLogNode",
        "name": "Log Other",
        "debugMode": false,
        "configuration": {
          "jsScript": "return '\\nIncoming message:\\n' + JSON.stringify(msg) + '\\nIncoming metadata:\\n' + JSON.stringify(metadata);"
        }
      },
      {
        "additionalInfo": {
          "layoutX": 1000,
          "layoutY": 583
        },
        "type": "org.NanoIoT.rule.engine.rpc.TbSendRPCRequestNode",
        "name": "RPC Call Request",
        "debugMode": false,
        "configuration": {
          "timeoutInSeconds": 60
        }
      },
      {
        "additionalInfo": {
          "layoutX": 255,
          "layoutY": 301
        },
        "type": "org.NanoIoT.rule.engine.filter.TbOriginatorTypeFilterNode",
        "name": "Is Entity Group",
        "debugMode": false,
        "configuration": {
          "originatorTypes": [
            "ENTITY_GROUP"
          ]
        }
      },
      {
        "additionalInfo": {
          "layoutX": 319,
          "layoutY": 109
        },
        "type": "org.NanoIoT.rule.engine.filter.TbMsgTypeFilterNode",
        "name": "Post attributes or RPC request",
        "debugMode": false,
        "configuration": {
          "messageTypes": [
            "POST_ATTRIBUTES_REQUEST",
            "RPC_CALL_FROM_SERVER_TO_DEVICE"
          ]
        }
      },
      {
        "additionalInfo": {
          "layoutX": 627,
          "layoutY": 108
        },
        "type": "org.NanoIoT.rule.engine.transform.TbDuplicateMsgToGroupNode",
        "name": "Duplicate To Group Entities",
        "debugMode": false,
        "configuration": {
          "entityGroupId": null,
          "entityGroupIsMessageOriginator": true
        }
      },
      {
        "additionalInfo": {
          "layoutX": 1286,
          "layoutY": 276
        },
        "type": "org.NanoIoT.rule.engine.filter.TbJsFilterNode",
        "name": "Tracker filter",
        "debugMode": true,
        "configuration": {
          "jsScript": "return metadata.deviceType === 'tracker';"
        }
      }
    ],
    "connections": [
      {
        "fromIndex": 0,
        "toIndex": 9,
        "type": "Success"
      },
      {
        "fromIndex": 2,
        "toIndex": 4,
        "type": "Other"
      },
      {
        "fromIndex": 2,
        "toIndex": 1,
        "type": "Post attributes"
      },
      {
        "fromIndex": 2,
        "toIndex": 0,
        "type": "Post telemetry"
      },
      {
        "fromIndex": 2,
        "toIndex": 3,
        "type": "RPC Request from Device"
      },
      {
        "fromIndex": 2,
        "toIndex": 5,
        "type": "RPC Request to Device"
      },
      {
        "fromIndex": 6,
        "toIndex": 2,
        "type": "False"
      },
      {
        "fromIndex": 6,
        "toIndex": 7,
        "type": "True"
      },
      {
        "fromIndex": 7,
        "toIndex": 2,
        "type": "False"
      },
      {
        "fromIndex": 7,
        "toIndex": 8,
        "type": "True"
      },
      {
        "fromIndex": 8,
        "toIndex": 2,
        "type": "Success"
      }
    ],
    "ruleChainConnections": [
      {
        "fromIndex": 2,
        "targetRuleChainId": {
          "entityType": "RULE_CHAIN",
          "id": "3528ddc0-1a4f-11e9-b7ff-af53cd037ed3"
        },
        "additionalInfo": {
          "layoutX": 1004,
          "layoutY": 690,
          "ruleChainNodeId": "rule-chain-node-12"
        },
        "type": "Generate Report"
      },
      {
        "fromIndex": 9,
        "targetRuleChainId": {
          "entityType": "RULE_CHAIN",
          "id": "f103fde0-1a4f-11e9-b7ff-af53cd037ed3"
        },
        "additionalInfo": {
          "layoutX": 1286,
          "layoutY": 382,
          "ruleChainNodeId": "rule-chain-node-13"
        },
        "type": "True"
      }
    ]
  }
}