{
  "ruleChain": {
    "additionalInfo": null,
    "name": "Root Rule Chain",
    "firstRuleNodeId": null,
    "root": false,
    "debugMode": false,
    "configuration": null
  },
  "metadata": {
    "firstNodeIndex": 1,
    "nodes": [
      {
        "additionalInfo": {
          "layoutX": 825,
          "layoutY": 52
        },
        "type": "org.NanoIoT.rule.engine.telemetry.TbMsgAttributesNode",
        "name": "save client attributes",
        "debugMode": false,
        "configuration": {
          "scope": "CLIENT_SCOPE"
        }
      },
      {
        "additionalInfo": {
          "layoutX": 347,
          "layoutY": 149
        },
        "type": "org.NanoIoT.rule.engine.filter.TbMsgTypeSwitchNode",
        "name": "Message Type Switch",
        "debugMode": false,
        "configuration": {
          "version": 0
        }
      },
      {
        "additionalInfo": {
          "layoutX": 826,
          "layoutY": 137
        },
        "type": "org.NanoIoT.rule.engine.action.TbLogNode",
        "name": "Log RPC",
        "debugMode": false,
        "configuration": {
          "jsScript": "return '\\nIncoming message:\\n' + JSON.stringify(msg) + '\\nIncoming metadata:\\n' + JSON.stringify(metadata);"
        }
      },
      {
        "additionalInfo": {
          "layoutX": 818,
          "layoutY": 220
        },
        "type": "org.NanoIoT.rule.engine.action.TbLogNode",
        "name": "Log Other",
        "debugMode": false,
        "configuration": {
          "jsScript": "return '\\nIncoming message:\\n' + JSON.stringify(msg) + '\\nIncoming metadata:\\n' + JSON.stringify(metadata);"
        }
      },
      {
        "additionalInfo": {
          "layoutX": 263,
          "layoutY": 369
        },
        "type": "org.NanoIoT.rule.engine.filter.TbJsFilterNode",
        "name": "Temperature check",
        "debugMode": false,
        "configuration": {
          "jsScript": "return msg.temperature > 60;"
        }
      },
      {
        "additionalInfo": {
          "layoutX": 57,
          "layoutY": 269
        },
        "type": "org.NanoIoT.rule.engine.telemetry.TbMsgTimeseriesNode",
        "name": "save timeseries",
        "debugMode": false,
        "configuration": {
          "defaultTTL": 0
        }
      },
      {
        "additionalInfo": {
          "layoutX": 475,
          "layoutY": 449
        },
        "type": "org.NanoIoT.rule.engine.metadata.TbGetCustomerAttributeNode",
        "name": "Get Customer Email",
        "debugMode": false,
        "configuration": {
          "attrMapping": {
            "email": "customerEmail"
          },
          "telemetry": false
        }
      },
      {
        "additionalInfo": {
          "layoutX": 695,
          "layoutY": 350
        },
        "type": "org.NanoIoT.rule.engine.metadata.TbGetAttributesNode",
        "name": "Get Device Location",
        "debugMode": false,
        "configuration": {
          "clientAttributeNames": [],
          "sharedAttributeNames": [],
          "serverAttributeNames": [
            "address"
          ],
          "latestTsKeyNames": []
        }
      },
      {
        "additionalInfo": {
          "layoutX": 884,
          "layoutY": 456
        },
        "type": "org.NanoIoT.rule.engine.transform.TbTransformMsgNode",
        "name": "Put temperature in metadata",
        "debugMode": false,
        "configuration": {
          "jsScript": "metadata.temperature = msg.temperature\nreturn {msg: msg, metadata: metadata, msgType: msgType};"
        }
      },
      {
        "additionalInfo": {
          "layoutX": 1093,
          "layoutY": 347
        },
        "type": "org.NanoIoT.rule.engine.mail.TbMsgToEmailNode",
        "name": "Temperature Email",
        "debugMode": false,
        "configuration": {
          "fromTemplate": "info@testmail.org",
          "toTemplate": "${customerEmail}",
          "ccTemplate": null,
          "bccTemplate": null,
          "subjectTemplate": "Device ${deviceType} temperature high",
          "bodyTemplate": "Device ${deviceName} has high temperature ${temperature}. Device address - ${ss_address}"
        }
      },
      {
        "additionalInfo": {
          "layoutX": 1140,
          "layoutY": 461
        },
        "type": "org.NanoIoT.rule.engine.mail.TbSendEmailNode",
        "name": "SendGrid SMTP",
        "debugMode": false,
        "configuration": {
          "useSystemSmtpSettings": false,
          "smtpHost": "smtp.sendgrid.net",
          "smtpPort": 25,
          "username": "apikey",
          "password": "YOUR_API_PASSWORD",
          "smtpProtocol": "smtp",
          "timeout": 10000,
          "enableTls": false
        }
      }
    ],
    "connections": [
      {
        "fromIndex": 1,
        "toIndex": 3,
        "type": "Other"
      },
      {
        "fromIndex": 1,
        "toIndex": 0,
        "type": "Post attributes"
      },
      {
        "fromIndex": 1,
        "toIndex": 5,
        "type": "Post telemetry"
      },
      {
        "fromIndex": 1,
        "toIndex": 2,
        "type": "RPC Request"
      },
      {
        "fromIndex": 4,
        "toIndex": 6,
        "type": "True"
      },
      {
        "fromIndex": 5,
        "toIndex": 4,
        "type": "Success"
      },
      {
        "fromIndex": 6,
        "toIndex": 7,
        "type": "Success"
      },
      {
        "fromIndex": 7,
        "toIndex": 8,
        "type": "Success"
      },
      {
        "fromIndex": 8,
        "toIndex": 9,
        "type": "Success"
      },
      {
        "fromIndex": 9,
        "toIndex": 10,
        "type": "Success"
      }
    ],
    "ruleChainConnections": null
  }
}