{
  "ruleChain": {
    "additionalInfo": null,
    "name": "Temperature Alarm Chain",
    "firstRuleNodeId": null,
    "root": false,
    "debugMode": false,
    "configuration": null
  },
  "metadata": {
    "firstNodeIndex": 0,
    "nodes": [
      {
        "additionalInfo": {
          "layoutX": 288,
          "layoutY": 151
        },
        "type": "org.NanoIoT.rule.engine.filter.TbMsgTypeSwitchNode",
        "name": "Message Type Switch",
        "debugMode": false,
        "configuration": {
          "version": 0
        }
      },
      {
        "additionalInfo": {
          "layoutX": 624,
          "layoutY": 151
        },
        "type": "org.NanoIoT.rule.engine.telemetry.TbMsgTimeseriesNode",
        "name": "Save timeseries",
        "debugMode": false,
        "configuration": {
          "defaultTTL": 0
        }
      },
      {
        "additionalInfo": {
          "layoutX": 923,
          "layoutY": 150
        },
        "type": "org.NanoIoT.rule.engine.filter.TbJsFilterNode",
        "name": "Under threshold",
        "debugMode": false,
        "configuration": {
          "jsScript": "return msg.temperature < -40 || msg.temperature > 80;"
        }
      },
      {
        "additionalInfo": {
          "layoutX": 1173,
          "layoutY": 72
        },
        "type": "org.NanoIoT.rule.engine.action.TbCreateAlarmNode",
        "name": "Create Alarm",
        "debugMode": false,
        "configuration": {
          "alarmType": "Critical Temperature",
          "alarmDetailsBuildJs": "var details = {};\ndetails.temperature = msg.temperature;\ndetails.ts = metadata.ts;\n\nif (metadata.prevAlarmDetails) {\n  var prevDetails = JSON.parse(metadata.prevAlarmDetails);\n  details.count = prevDetails.count + 1;\n} else {\n    details.count = 1;\n}\n\nreturn details;",
          "severity": "CRITICAL",
          "propagate": true
        }
      },
      {
        "additionalInfo": {
          "layoutX": 1178,
          "layoutY": 236
        },
        "type": "org.NanoIoT.rule.engine.action.TbClearAlarmNode",
        "name": "Clear Alarm",
        "debugMode": false,
        "configuration": {
          "alarmType": "Critical Temperature",
          "alarmDetailsBuildJs": "var details = {};\nif (metadata.prevAlarmDetails) {\n    details = JSON.parse(metadata.prevAlarmDetails);\n}\ndetails.clearedTemperature = msg.temperature;\n\nreturn details;"
        }
      }
    ],
    "connections": [
      {
        "fromIndex": 0,
        "toIndex": 1,
        "type": "Post telemetry"
      },
      {
        "fromIndex": 1,
        "toIndex": 2,
        "type": "Success"
      },
      {
        "fromIndex": 2,
        "toIndex": 4,
        "type": "False"
      },
      {
        "fromIndex": 2,
        "toIndex": 3,
        "type": "True"
      }
    ],
    "ruleChainConnections": null
  }
}