{
  "title": "Temperature control dashboard",
  "configuration": {
    "widgets": {
      "5e6d7c1f-ff3d-d5cc-0154-fce4d14bf5f5": {
        "isSystemType": true,
        "bundleAlias": "control_widgets",
        "typeAlias": "knob_control",
        "type": "rpc",
        "title": "New widget",
        "sizeX": 7,
        "sizeY": 6,
        "config": {
          "targetDeviceAliases": [],
          "showTitle": false,
          "backgroundColor": "#fff",
          "color": "rgba(0, 0, 0, 0.87)",
          "padding": "0px",
          "settings": {
            "requestTimeout": 500,
            "maxValue": 100,
            "initialValue": 50,
            "minValue": 0,
            "title": "Temperature control",
            "getValueMethod": "getValue",
            "setValueMethod": "setValue"
          },
          "title": "New Knob Control",
          "dropShadow": true,
          "enableFullscreen": false,
          "widgetStyle": {},
          "titleStyle": {
            "fontSize": "16px",
            "fontWeight": 400
          },
          "useDashboardTimewindow": true,
          "showLegend": false,
          "actions": {},
          "decimals": 2,
          "datasources": [],
          "enableDataExport": true,
          "targetDeviceAliasIds": [
            "e087fea7-e1e7-5841-eac0-77d594868df0"
          ]
        },
        "id": "5e6d7c1f-ff3d-d5cc-0154-fce4d14bf5f5"
      },
      "7e2ed2e1-42ec-4dde-12c6-c6d2d07f596f": {
        "isSystemType": true,
        "bundleAlias": "charts",
        "typeAlias": "timeseries_bars_flot",
        "type": "timeseries",
        "title": "New widget",
        "sizeX": 24,
        "sizeY": 5,
        "config": {
          "datasources": [
            {
              "type": "entity",
              "dataKeys": [
                {
                  "name": "temperature",
                  "type": "timeseries",
                  "label": "temperature",
                  "color": "#2196f3",
                  "settings": {
                    "showLines": false,
                    "fillLines": false,
                    "showPoints": false,
                    "tooltipValueFormatter": "",
                    "showSeparateAxis": false,
                    "axisTitle": "",
                    "axisPosition": "left",
                    "axisTicksFormatter": ""
                  },
                  "_hash": 0.1869201445893447
                }
              ],
              "entityAliasId": "e087fea7-e1e7-5841-eac0-77d594868df0"
            }
          ],
          "timewindow": {
            "realtime": {
              "timewindowMs": 60000
            },
            "aggregation": {
              "limit": 200,
              "type": "AVG"
            }
          },
          "showTitle": true,
          "backgroundColor": "#fff",
          "color": "rgba(0, 0, 0, 0.87)",
          "padding": "8px",
          "settings": {
            "shadowSize": 4,
            "fontColor": "#545454",
            "fontSize": 10,
            "xaxis": {
              "showLabels": true,
              "color": "#545454"
            },
            "yaxis": {
              "showLabels": true,
              "color": "#545454",
              "min": 0,
              "max": 100
            },
            "grid": {
              "color": "#545454",
              "tickColor": "#DDDDDD",
              "verticalLines": true,
              "horizontalLines": true,
              "outlineWidth": 1
            },
            "stack": true,
            "tooltipIndividual": false,
            "defaultBarWidth": 600
          },
          "title": "Temperature graph",
          "dropShadow": true,
          "enableFullscreen": true,
          "titleStyle": {
            "fontSize": "16px",
            "fontWeight": 400
          },
          "mobileHeight": null,
          "widgetStyle": {},
          "useDashboardTimewindow": true,
          "showLegend": true,
          "actions": {},
          "enableDataExport": true
        },
        "id": "7e2ed2e1-42ec-4dde-12c6-c6d2d07f596f"
      },
      "249a6516-1606-c43b-75dc-4e77a8ac0cd8": {
        "isSystemType": true,
        "bundleAlias": "digital_gauges",
        "typeAlias": "horizontal_bar_justgage",
        "type": "latest",
        "title": "New widget",
        "sizeX": 17,
        "sizeY": 6,
        "config": {
          "datasources": [
            {
              "type": "entity",
              "dataKeys": [
                {
                  "name": "temperature",
                  "type": "timeseries",
                  "label": "temperature",
                  "color": "#2196f3",
                  "settings": {},
                  "_hash": 0.032276496697291934
                }
              ],
              "entityAliasId": "e087fea7-e1e7-5841-eac0-77d594868df0"
            }
          ],
          "timewindow": {
            "realtime": {
              "timewindowMs": 60000
            }
          },
          "showTitle": false,
          "backgroundColor": "#ffffff",
          "color": "rgba(0, 0, 0, 0.87)",
          "padding": "0px",
          "settings": {
            "maxValue": 100,
            "minValue": 0,
            "donutStartAngle": 90,
            "showValue": true,
            "showMinMax": true,
            "gaugeWidthScale": 0.75,
            "levelColors": [],
            "titleFont": {
              "family": "Roboto",
              "size": 12,
              "style": "normal",
              "weight": "500",
              "color": "#999999"
            },
            "labelFont": {
              "family": "Roboto",
              "size": 8,
              "style": "normal",
              "weight": "500"
            },
            "valueFont": {
              "family": "Roboto",
              "style": "normal",
              "weight": "500",
              "size": 18,
              "color": "#666666"
            },
            "minMaxFont": {
              "family": "Roboto",
              "size": 12,
              "style": "normal",
              "weight": "500",
              "color": "#666666"
            },
            "neonGlowBrightness": 0,
            "dashThickness": 0,
            "gaugeColor": "#eeeeee",
            "showTitle": true,
            "gaugeType": "horizontalBar",
            "timestampFormat": "yyyy-MM-dd HH:mm:ss",
            "animation": true,
            "animationDuration": 500,
            "animationRule": "linear"
          },
          "title": "New Horizontal bar - justGage",
          "dropShadow": true,
          "enableFullscreen": true,
          "titleStyle": {
            "fontSize": "16px",
            "fontWeight": 400
          },
          "enableDataExport": true,
          "widgetStyle": {},
          "units": "",
          "useDashboardTimewindow": true,
          "showLegend": false,
          "actions": {}
        },
        "id": "249a6516-1606-c43b-75dc-4e77a8ac0cd8"
      }
    },
    "states": {
      "default": {
        "name": "Main state",
        "root": true,
        "layouts": {
          "main": {
            "widgets": {
              "5e6d7c1f-ff3d-d5cc-0154-fce4d14bf5f5": {
                "sizeX": 7,
                "sizeY": 6,
                "row": 0,
                "col": 17
              },
              "7e2ed2e1-42ec-4dde-12c6-c6d2d07f596f": {
                "sizeX": 24,
                "sizeY": 5,
                "mobileHeight": null,
                "row": 6,
                "col": 0
              },
              "249a6516-1606-c43b-75dc-4e77a8ac0cd8": {
                "sizeX": 17,
                "sizeY": 6,
                "row": 0,
                "col": 0
              }
            },
            "gridSettings": {
              "backgroundColor": "#eeeeee",
              "color": "rgba(0,0,0,0.870588)",
              "columns": 24,
              "margins": [
                10,
                10
              ],
              "backgroundSizeMode": "100%"
            }
          }
        }
      }
    },
    "entityAliases": {
      "e087fea7-e1e7-5841-eac0-77d594868df0": {
        "id": "e087fea7-e1e7-5841-eac0-77d594868df0",
        "alias": "Thermo",
        "filter": {
          "type": "deviceType",
          "resolveMultiple": true,
          "deviceType": "thermostat",
          "deviceNameFilter": "Thermostat-A"
        }
      }
    },
    "timewindow": {
      "realtime": {
        "interval": 1000,
        "timewindowMs": 60000
      },
      "aggregation": {
        "type": "AVG",
        "limit": 2500
      }
    },
    "settings": {
      "stateControllerId": "entity",
      "showTitle": false,
      "showDashboardsSelect": true,
      "showEntitiesSelect": true,
      "showDashboardTimewindow": true,
      "showDashboardExport": true,
      "toolbarAlwaysOpen": true
    }
  },
  "name": "Temperature control dashboard"
}