{
  "title": "Thermostat Dashboard",
  "configuration": {
    "widgets": {
      "15e8f40c-dda0-7544-033a-4caa93de9156": {
        "isSystemType": true,
        "bundleAlias": "alarm_widgets",
        "typeAlias": "alarms_table",
        "type": "alarm",
        "title": "New widget",
        "sizeX": 24,
        "sizeY": 13,
        "config": {
          "timewindow": {
            "realtime": {
              "interval": 1000,
              "timewindowMs": 86400000
            },
            "aggregation": {
              "type": "NONE",
              "limit": 200
            }
          },
          "showTitle": true,
          "backgroundColor": "rgb(255, 255, 255)",
          "color": "rgba(0, 0, 0, 0.87)",
          "padding": "4px",
          "settings": {
            "enableSelection": true,
            "enableSearch": true,
            "displayDetails": true,
            "allowAcknowledgment": true,
            "allowClear": true,
            "displayPagination": true,
            "defaultPageSize": 10,
            "defaultSortOrder": "-createdTime"
          },
          "title": "New Alarms table",
          "dropShadow": true,
          "enableFullscreen": true,
          "titleStyle": {
            "fontSize": "16px",
            "fontWeight": 400,
            "padding": "5px 10px 5px 10px"
          },
          "useDashboardTimewindow": false,
          "showLegend": false,
          "alarmSource": {
            "type": "entity",
            "dataKeys": [
              {
                "name": "createdTime",
                "type": "alarm",
                "label": "Created time",
                "color": "#2196f3",
                "settings": {},
                "_hash": 0.6039882695780543
              },
              {
                "name": "originator",
                "type": "alarm",
                "label": "Originator",
                "color": "#4caf50",
                "settings": {},
                "_hash": 0.6932374929882379
              },
              {
                "name": "type",
                "type": "alarm",
                "label": "Type",
                "color": "#f44336",
                "settings": {},
                "_hash": 0.7067168207535319
              },
              {
                "name": "severity",
                "type": "alarm",
                "label": "Severity",
                "color": "#ffc107",
                "settings": {},
                "_hash": 0.8730886704001681
              },
              {
                "name": "status",
                "type": "alarm",
                "label": "Status",
                "color": "#607d8b",
                "settings": {},
                "_hash": 0.6517612369844434
              },
              {
                "name": "details.temperature",
                "type": "alarm",
                "label": "Event Temperature",
                "color": "#9c27b0",
                "settings": {
                  "columnWidth": "0px",
                  "useCellStyleFunction": false,
                  "useCellContentFunction": false
                },
                "_hash": 0.7917790026159572
              },
              {
                "name": "details.count",
                "type": "alarm",
                "label": "Events count",
                "color": "#8bc34a",
                "settings": {
                  "columnWidth": "0px",
                  "useCellStyleFunction": false,
                  "useCellContentFunction": false
                },
                "_hash": 0.13933286945015033
              },
              {
                "name": "details.clearedTemperature",
                "type": "alarm",
                "label": "Clear Temperature",
                "color": "#3f51b5",
                "settings": {
                  "columnWidth": "0px",
                  "useCellStyleFunction": false,
                  "useCellContentFunction": false
                },
                "_hash": 0.8914208568345217
              }
            ],
            "entityAliasId": "b304eb04-fa97-165e-c623-bacfe9f59f97",
            "name": "alarms"
          },
          "alarmSearchStatus": "ANY",
          "alarmsPollingInterval": 5,
          "datasources": [],
          "widgetStyle": {},
          "actions": {}
        },
        "id": "15e8f40c-dda0-7544-033a-4caa93de9156"
      }
    },
    "states": {
      "default": {
        "name": "Thermostat Dashboard",
        "root": true,
        "layouts": {
          "main": {
            "widgets": {
              "15e8f40c-dda0-7544-033a-4caa93de9156": {
                "sizeX": 24,
                "sizeY": 13,
                "row": 0,
                "col": 0
              }
            },
            "gridSettings": {
              "backgroundColor": "#eeeeee",
              "color": "rgba(0,0,0,0.870588)",
              "columns": 24,
              "margins": [
                10,
                10
              ],
              "backgroundSizeMode": "100%"
            }
          }
        }
      }
    },
    "entityAliases": {
      "b304eb04-fa97-165e-c623-bacfe9f59f97": {
        "id": "b304eb04-fa97-165e-c623-bacfe9f59f97",
        "alias": "All Thermostats",
        "filter": {
          "type": "deviceType",
          "resolveMultiple": true,
          "deviceType": "Thermostat",
          "deviceNameFilter": ""
        }
      }
    },
    "timewindow": {
      "displayValue": "",
      "selectedTab": 0,
      "realtime": {
        "interval": 1000,
        "timewindowMs": 60000
      },
      "history": {
        "historyType": 0,
        "interval": 1000,
        "timewindowMs": 60000,
        "fixedTimewindow": {
          "startTimeMs": 1526994060667,
          "endTimeMs": 1527080460667
        }
      },
      "aggregation": {
        "type": "AVG",
        "limit": 200
      }
    },
    "settings": {
      "stateControllerId": "entity",
      "showTitle": false,
      "showDashboardsSelect": true,
      "showEntitiesSelect": true,
      "showDashboardTimewindow": true,
      "showDashboardExport": true,
      "toolbarAlwaysOpen": true
    }
  },
  "name": "Thermostat Dashboard"
}