{
  "ruleChain": {
    "additionalInfo": null,
    "name": "Tutorial Rule Chain",
    "firstRuleNodeId": null,
    "root": false,
    "debugMode": false,
    "configuration": null
  },
  "metadata": {
    "firstNodeIndex": 1,
    "nodes": [
      {
        "additionalInfo": {
          "layoutX": 1005,
          "layoutY": 150
        },
        "type": "org.NanoIoT.rule.engine.telemetry.TbMsgTimeseriesNode",
        "name": "SaveTS",
        "debugMode": true,
        "configuration": {
          "defaultTTL": 0
        }
      },
      {
        "additionalInfo": {
          "layoutX": 347,
          "layoutY": 149
        },
        "type": "org.NanoIoT.rule.engine.filter.TbMsgTypeSwitchNode",
        "name": "Message Type Switch",
        "debugMode": false,
        "configuration": {
          "version": 0
        }
      },
      {
        "additionalInfo": {
          "layoutX": 685,
          "layoutY": 152
        },
        "type": "org.NanoIoT.rule.engine.transform.TbTransformMsgNode",
        "name": "°F to °C",
        "debugMode": false,
        "configuration": {
          "jsScript": "function precisionRound(number, precision) {\n  var factor = Math.pow(10, precision);\n  return Math.round(number * factor) / factor;\n}\n\nif (typeof msg.temperature !== 'undefined'){\n    msg.temperature = precisionRound((msg.temperature -32) * 5 / 9, 2);\n}\n\nreturn {msg: msg, metadata: metadata, msgType: msgType};"
        }
      }
    ],
    "connections": [
      {
        "fromIndex": 1,
        "toIndex": 2,
        "type": "Post telemetry"
      },
      {
        "fromIndex": 2,
        "toIndex": 0,
        "type": "Success"
      }
    ],
    "ruleChainConnections": null
  }
}